{
  "method": "Benettin tangent-flow RK4 + modified Gram-Schmidt QR",
  "dts": [
    0.01,
    0.005,
    0.0025
  ],
  "n_steps": [
    200000,
    400000,
    800000
  ],
  "n_initial_conditions": 10,
  "n_segments": 10,
  "transient_time": 100.0,
  "seed": 2026,
  "systems": {
    "aurelia": {
      "parameters": [
        1.4,
        0.5,
        1.9,
        0.0,
        0.0,
        0.0,
        0.0
      ],
      "grid": {
        "dt=0.01|n=200000": {
          "lambda1_mean": 0.22740438838239702,
          "lambda1_std": 0.006296292576472618,
          "lambda2_mean": 0.0006757469502416588,
          "lambda2_std": 0.0008884286858750331,
          "lambda3_mean": -1.528032563902185,
          "lambda3_std": 0.0160019294054204,
          "dky_mean": 2.149279659357179,
          "dky_std": 0.004342280390533579,
          "n_valid_ic": 10
        },
        "dt=0.01|n=400000": {
          "lambda1_mean": 0.22994472065588942,
          "lambda1_std": 0.00528355799114464,
          "lambda2_mean": 0.00023949197627608302,
          "lambda2_std": 0.0003858473390396037,
          "lambda3_mean": -1.524095779097547,
          "lambda3_std": 0.009618269228776372,
          "dky_mean": 2.1510333332369314,
          "dky_std": 0.003490406694766084,
          "n_valid_ic": 10
        },
        "dt=0.01|n=800000": {
          "lambda1_mean": 0.229210341499725,
          "lambda1_std": 0.005131513046715259,
          "lambda2_mean": 0.0001167409954085532,
          "lambda2_std": 0.00017729367526221436,
          "lambda3_mean": -1.5261026253494532,
          "lambda3_std": 0.00884420829427708,
          "dky_mean": 2.150281360062283,
          "dky_std": 0.003774047452728687,
          "n_valid_ic": 10
        },
        "dt=0.005|n=200000": {
          "lambda1_mean": 0.23264857202365086,
          "lambda1_std": 0.011477133068632336,
          "lambda2_mean": 0.0013170856486899338,
          "lambda2_std": 0.0016233982613599051,
          "lambda3_mean": -1.5191705908941977,
          "lambda3_std": 0.02079234487828093,
          "dky_mean": 2.154103077905206,
          "dky_std": 0.009104976071733203,
          "n_valid_ic": 10
        },
        "dt=0.005|n=400000": {
          "lambda1_mean": 0.2303268401900914,
          "lambda1_std": 0.010068381788021984,
          "lambda2_mean": 0.0006018737047292731,
          "lambda2_std": 0.0007548982019036481,
          "lambda3_mean": -1.5184116961369143,
          "lambda3_std": 0.015797807865825325,
          "dky_mean": 2.1521108917994787,
          "dky_std": 0.006999754262642554,
          "n_valid_ic": 10
        },
        "dt=0.005|n=800000": {
          "lambda1_mean": 0.2302150058474067,
          "lambda1_std": 0.008489486748284772,
          "lambda2_mean": 0.0003328662916383195,
          "lambda2_std": 0.0004186603970855301,
          "lambda3_mean": -1.5256462698923774,
          "lambda3_std": 0.012159699802203976,
          "dky_mean": 2.1511462790332616,
          "dky_std": 0.006334342349682201,
          "n_valid_ic": 10
        },
        "dt=0.0025|n=200000": {
          "lambda1_mean": 0.2195849061875968,
          "lambda1_std": 0.010327304716903258,
          "lambda2_mean": 0.0012747005168822088,
          "lambda2_std": 0.0026195987980002933,
          "lambda3_mean": -1.558094689202009,
          "lambda3_std": 0.0324808181704658,
          "dky_mean": 2.1418260168691883,
          "dky_std": 0.007614014860067789,
          "n_valid_ic": 10
        },
        "dt=0.0025|n=400000": {
          "lambda1_mean": 0.22387845106447926,
          "lambda1_std": 0.008842540210781758,
          "lambda2_mean": 0.001146622578174908,
          "lambda2_std": 0.001190049453133706,
          "lambda3_mean": -1.5412088894843445,
          "lambda3_std": 0.025708180770680628,
          "dky_mean": 2.1461098510852827,
          "dky_std": 0.008203363760789464,
          "n_valid_ic": 10
        },
        "dt=0.0025|n=800000": {
          "lambda1_mean": 0.2261266856476519,
          "lambda1_std": 0.005252463506588688,
          "lambda2_mean": 0.00048766985792838907,
          "lambda2_std": 0.0008355763531401103,
          "lambda3_mean": -1.536834276907642,
          "lambda3_std": 0.01614169556874278,
          "dky_mean": 2.1474872746818354,
          "dky_std": 0.004515770400255789,
          "n_valid_ic": 10
        }
      },
      "escaped_runs": 0,
      "grid_segment_error": {
        "dt=0.01": {
          "lambda1_segment_std_mean": 0.01410372443299945,
          "lambda1_segment_sem": 0.00445998926996451
        },
        "dt=0.005": {
          "lambda1_segment_std_mean": 0.017531934033777306,
          "lambda1_segment_sem": 0.005544084333455967
        },
        "dt=0.0025": {
          "lambda1_segment_std_mean": 0.024969976670364206,
          "lambda1_segment_sem": 0.007896199939961834
        }
      },
      "headline": {
        "lambda1": 0.2302150058474067,
        "lambda1_std_ic": 0.008489486748284772,
        "lambda1_sem_segments": 0.005544084333455967,
        "lambda2": 0.0003328662916383195,
        "lambda3": -1.5256462698923774,
        "dky": 2.1511462790332616,
        "dky_std_ic": 0.006334342349682201
      }
    },
    "naiad": {
      "parameters": [
        1.2,
        0.68,
        3.7,
        1.7,
        1.2,
        2.0,
        2.1
      ],
      "grid": {
        "dt=0.01|n=200000": {
          "lambda1_mean": 0.2990806854896517,
          "lambda1_std": 0.015374531488171968,
          "lambda2_mean": 0.0008626709108567299,
          "lambda2_std": 0.0022304766845105605,
          "lambda3_mean": -2.660234919499887,
          "lambda3_std": 0.03474149629314556,
          "dky_mean": 2.112799414225818,
          "dky_std": 0.006730004300320424,
          "n_valid_ic": 10
        },
        "dt=0.01|n=400000": {
          "lambda1_mean": 0.2936547258698366,
          "lambda1_std": 0.013839418931083022,
          "lambda2_mean": 0.00041768950117776666,
          "lambda2_std": 0.0008843073949195001,
          "lambda3_mean": -2.6648665963566134,
          "lambda3_std": 0.03196172856263797,
          "dky_mean": 2.1104065917621684,
          "dky_std": 0.006179334215890254,
          "n_valid_ic": 10
        },
        "dt=0.01|n=800000": {
          "lambda1_mean": 0.2959814532556903,
          "lambda1_std": 0.006528098629205388,
          "lambda2_mean": 0.0003564648545647788,
          "lambda2_std": 0.00035958546031283857,
          "lambda3_mean": -2.663840889498191,
          "lambda3_std": 0.015350372401137586,
          "dky_mean": 2.1112563034800145,
          "dky_std": 0.0029075835522462297,
          "n_valid_ic": 10
        },
        "dt=0.005|n=200000": {
          "lambda1_mean": 0.3029320000900147,
          "lambda1_std": 0.023176572760699905,
          "lambda2_mean": 0.0011470734076126062,
          "lambda2_std": 0.0021105863081999606,
          "lambda3_mean": -2.6315828365839904,
          "lambda3_std": 0.035065226526583594,
          "dky_mean": 2.1156141057716615,
          "dky_std": 0.009516449819648958,
          "n_valid_ic": 10
        },
        "dt=0.005|n=400000": {
          "lambda1_mean": 0.2979788288995341,
          "lambda1_std": 0.009815890548483983,
          "lambda2_mean": 0.0009375594778952268,
          "lambda2_std": 0.0020578276784290997,
          "lambda3_mean": -2.642484417481862,
          "lambda3_std": 0.042097112274683844,
          "dky_mean": 2.1131706492918796,
          "dky_std": 0.004788042009211394,
          "n_valid_ic": 10
        },
        "dt=0.005|n=800000": {
          "lambda1_mean": 0.2934703787123463,
          "lambda1_std": 0.008526178960445883,
          "lambda2_mean": 0.00039734370760866,
          "lambda2_std": 0.0009949743099475006,
          "lambda3_mean": -2.6629021550761163,
          "lambda3_std": 0.027803034421846413,
          "dky_mean": 2.110388723844321,
          "dky_std": 0.004019151361357646,
          "n_valid_ic": 10
        },