{
  "method": "shooting from the unstable eigenplane (radius 1e-3, 48 phases over one C_n sector), RK4 dt=0.0025, T_max=100.0, closest return after leaving r=0.5",
  "systems": {
    "aurelia": {
      "swept_parameter": "c",
      "canonical_value": 1.9,
      "sweep_range": [
        0.8,
        2.55
      ],
      "equilibrium_z_canonical": 1.52292,
      "rho_unstable": 1.43209,
      "omega_canonical": 1.9,
      "lambda3_stable": -5.55786,
      "saddle_index_nu": 0.2577,
      "shilnikov_inequality_nu_lt_1": true,
      "best": {
        "c": 1.256021,
        "min_return_distance": 0.127643,
        "launch_phase_theta": 1.35263,
        "time_of_closest_pass": 8.84
      },
      "min_return_at_canonical": 0.161476,
      "near_homoclinic_windows_interior": [],
      "coarse_sweep": {
        "values": [
          0.8,
          0.81458,
          0.82917,
          0.84375,
          0.85833,
          0.87292,
          0.8875,
          0.90208,
          0.91667,
          0.93125,
          0.94583,
          0.96042,
          0.975,
          0.98958,
          1.00417,
          1.01875,
          1.03333,
          1.04792,
          1.0625,
          1.07708,
          1.09167,
          1.10625,
          1.12083,
          1.13542,
          1.15,
          1.16458,
          1.17917,
          1.19375,
          1.20833,
          1.22292,
          1.2375,
          1.25208,
          1.26667,
          1.28125,
          1.29583,
          1.31042,
          1.325,
          1.33958,
          1.35417,
          1.36875,
          1.38333,
          1.39792,
          1.4125,
          1.42708,
          1.44167,
          1.45625,
          1.47083,
          1.48542,
          1.5,
          1.51458,
          1.52917,
          1.54375,
          1.55833,
          1.57292,
          1.5875,
          1.60208,
          1.61667,
          1.63125,
          1.64583,
          1.66042,
          1.675,
          1.68958,
          1.70417,
          1.71875,
          1.73333,
          1.74792,
          1.7625,
          1.77708,
          1.79167,
          1.80625,
          1.82083,
          1.83542,
          1.85,
          1.86458,
          1.87917,
          1.89375,
          1.90833,
          1.92292,
          1.9375,
          1.95208,
          1.96667,
          1.98125,
          1.99583,
          2.01042,
          2.025,
          2.03958,
          2.05417,
          2.06875,
          2.08333,
          2.09792,
          2.1125,
          2.12708,
          2.14167,
          2.15625,
          2.17083,
          2.18542,
          2.2,
          2.21458,
          2.22917,
          2.24375,
          2.25833,
          2.27292,
          2.2875,
          2.30208,
          2.31667,
          2.33125,
          2.34583,
          2.36042,
          2.375,
          2.38958,
          2.40417,
          2.41875,
          2.43333,
          2.44792,
          2.4625,
          2.47708,
          2.49167,
          2.50625,
          2.52083,
          2.53542,
          2.55
        ],
        "min_return_distance": [
          0.151313,
          0.150135,
          0.14898,
          0.147847,
          0.146731,
          0.14563,
          0.14454,
          0.143469,
          0.142407,
          0.141361,
          0.14033,
          0.139319,
          0.13833,
          0.137361,
          0.136415,
          0.135502,
          0.134627,
          0.13379,
          0.132986,
          0.13223,
          0.131526,
          0.130878,
          0.130279,
          0.129735,
          0.129252,
          0.128837,
          0.128487,
          0.128193,
          0.127959,
          0.127791,
          0.127688,
          0.127647,
          0.127663,
          0.127736,
          0.127866,
          0.128051,
          0.128293,
          0.128562,
          0.128886,
          0.129261,
          0.129675,
          0.130108,
          0.130581,
          0.131102,
          0.131653,
          0.132202,
          0.132794,
          0.133426,
          0.134069,
          0.134714,
          0.135399,
          0.136127,
          0.136833,
          0.137561,
          0.138334,
          0.139141,
          0.139912,
          0.14073,
          0.141598,
          0.142444,
          0.143336,
          0.14426,
          0.145208,
          0.14619,
          0.147188,
          0.148243,
          0.149321,
          0.150421,
          0.151576,
          0.152792,
          0.154011,
          0.155263,
          0.156602,
          0.157996,
          0.15935,
          0.160797,
          0.16234,
          0.163859,
          0.165412,
          0.167061,
          0.168787,
          0.170439,
          0.172187,
          0.174033,
          0.175857,
          0.177691,
          0.179619,
          0.181628,
          0.183529,
          0.185523,
          0.187609,
          0.189649,
          0.191685,
          0.193812,
          0.195986,
          0.198043,
          0.200183,
          0.20241,
          0.204517,
          0.20665,
          0.208862,
          0.211032,
          0.21313,
          0.215303,
          0.2175,
          0.219541,
          0.221652,
          0.223834,
          0.225802,
          0.227825,
          0.229914,
          0.231829,
          0.233746,
          0.23572,
          0.237547,
          0.239335,
          0.241179,
          0.242888,
          0.244532,
          0.246231,
          0.247793
        ]
      }
    },
    "naiad": {
      "swept_parameter": "w_rot",
      "canonical_value": 3.7,
      "sweep_range": [
        1.8,
        5.0
      ],
      "equilibrium_z_canonical": 1.65128,
      "rho_unstable": 1.16553,
      "omega_canonical": 3.28634,
      "lambda3_stable": -6.18013,
      "saddle_index_nu": 0.1886,
      "shilnikov_inequality_nu_lt_1": true,
      "best": {
        "w_rot": 1.8332,
        "min_return_distance": 7.5e-05,
        "launch_phase_theta": 0.9163,
        "time_of_closest_pass": 15.152
      },
      "min_return_at_canonical": 0.00076,
      "near_homoclinic_windows_interior": [
        {
          "value": 1.82667,
          "d": 7.7e-05
        },
        {
          "value": 2.01333,
          "d": 0.000101
        },
        {
          "value": 2.25333,
          "d": 0.000133
        },
        {
          "value": 2.52,
          "d": 0.000177
        },
        {
          "value": 2.84,
          "d": 0.000233
        },
        {
          "value": 3.21333,
          "d": 0.000331
        },
        {
          "value": 3.56,
          "d": 0.000685
        }
      ],