{
  "group": "C2",
  "order": 2,
  "n_params": 7,
  "n_eval": 12000,
  "chaotic_fraction_batch": 0.01758,
  "n_certified_of_topK": 24,
  "max_lambda1_certified": 0.40972,
  "best_params": [
    2.2524180911558664,
    0.5675163067199629,
    3.627261522134481,
    1.32005757793858,
    0.71704245406486,
    1.4466328189525066,
    2.9294620963862505
  ],
  "seconds": 249.4,
  "spectrum_at_max": [
    0.4256,
    0.0165,
    -1.7719
  ],
  "D_KY_at_max": 2.2495
}
