{
  "group": "C5",
  "order": 5,
  "n_params": 7,
  "n_eval": 12000,
  "chaotic_fraction_batch": 0.00267,
  "n_certified_of_topK": 22,
  "max_lambda1_certified": 0.50877,
  "best_params": [
    2.0702596739065644,
    0.6238040959240443,
    2.2584752444581824,
    0.6116434851645877,
    1.402426168178207,
    1.6543739961078139,
    2.852955105012426
  ],
  "seconds": 261.3,
  "spectrum_at_max": [
    0.5136,
    0.0106,
    -1.9708
  ],
  "D_KY_at_max": 2.266
}
