{
  "group": "C8",
  "order": 8,
  "n_params": 7,
  "n_eval": 12000,
  "chaotic_fraction_batch": 0.00058,
  "n_certified_of_topK": 4,
  "max_lambda1_certified": 0.17594,
  "best_params": [
    2.1834277646984095,
    0.11540410913527177,
    2.6096950131541585,
    1.7644495364236894,
    0.02145641906995266,
    0.14314463355690576,
    2.3533302745143265
  ],
  "seconds": 256.9,
  "spectrum_at_max": [
    0.148,
    -0.0094,
    -0.3341
  ],
  "D_KY_at_max": 2.4146
}
