{
  "group": "C3",
  "order": 3,
  "n_params": 7,
  "n_eval": 12000,
  "chaotic_fraction_batch": 0.0195,
  "n_certified_of_topK": 24,
  "max_lambda1_certified": 0.58893,
  "best_params": [
    1.5213666917493232,
    0.6706802031670065,
    3.664017721562027,
    1.5845758664416236,
    1.9051040063923175,
    1.7071083335559107,
    2.6520355256096595
  ],
  "seconds": 238.4,
  "spectrum_at_max": [
    0.5688,
    -0.0035,
    -1.6268
  ],
  "D_KY_at_max": 2.3475
}
