{
  "group": "C7",
  "order": 7,
  "n_params": 7,
  "n_eval": 12000,
  "chaotic_fraction_batch": 0.00058,
  "n_certified_of_topK": 5,
  "max_lambda1_certified": 0.32613,
  "best_params": [
    1.2839650764031014,
    0.6147216455967703,
    1.1875911753063089,
    0.3527871541170783,
    0.5000655584199397,
    1.443503188777469,
    1.8860940339869776
  ],
  "seconds": 255.5,
  "spectrum_at_max": [
    0.3213,
    -0.0015,
    -1.0155
  ],
  "D_KY_at_max": 2.3149
}
