{
  "group": "O",
  "order": 24,
  "n_params": 4,
  "n_eval": 12000,
  "chaotic_fraction_batch": 0.00033,
  "n_certified_of_topK": 2,
  "max_lambda1_certified": 0.02592,
  "best_params": [
    2.980356117858851,
    1.2457629595184831,
    0.001060023468514082,
    3.518429611660567
  ],
  "seconds": 264.6,
  "spectrum_at_max": [
    0.0247,
    -0.0262,
    -5.959
  ],
  "D_KY_at_max": 1.9422
}
