{
  "group": "C6",
  "order": 6,
  "n_params": 7,
  "n_eval": 12000,
  "chaotic_fraction_batch": 0.00083,
  "n_certified_of_topK": 9,
  "max_lambda1_certified": 0.27156,
  "best_params": [
    2.458530559964397,
    0.38573686044204725,
    2.2292254562950324,
    1.334462285432653,
    0.31802850097254076,
    0.792618764867365,
    2.1890016316601932
  ],
  "seconds": 256.1,
  "spectrum_at_max": [
    0.2672,
    0.0062,
    -0.7763
  ],
  "D_KY_at_max": 2.3522
}
