{
  "group": "S4",
  "order": 4,
  "n_params": 8,
  "n_eval": 12000,
  "chaotic_fraction_batch": 0.00208,
  "n_certified_of_topK": 18,
  "max_lambda1_certified": 0.62804,
  "best_params": [
    1.3237105550728994,
    0.883731303067056,
    3.454739100774148,
    0.3666169079401224,
    1.4879230639198615,
    2.47064876767967,
    1.5447736685526623,
    1.7112518825839664
  ],
  "seconds": 284.3,
  "spectrum_at_max": [
    0.6456,
    0.0006,
    -2.1661
  ],
  "D_KY_at_max": 2.2984
}
