{
  "group": "C4",
  "order": 4,
  "n_params": 7,
  "n_eval": 12000,
  "chaotic_fraction_batch": 0.00508,
  "n_certified_of_topK": 23,
  "max_lambda1_certified": 0.56388,
  "best_params": [
    1.7628162476590168,
    0.9486492335347477,
    2.2166187133549333,
    1.1493484314993725,
    1.9317668811390107,
    1.5989995956333711,
    2.7624061385299363
  ],
  "seconds": 253.9,
  "spectrum_at_max": [
    0.577,
    0.0037,
    -2.9714
  ],
  "D_KY_at_max": 2.1955
}
